21_04_22_394023_LED_set_pixels_cpp_8,0:00:03.073416,5.109,304.955,1577.183
21_04_58_829277_LED_set_pixels_cpp_8,0:00:03.062321,5.111,306.619,1581.179
21_05_35_270967_LED_set_pixels_cpp_8,0:00:03.050369,5.111,307.216,1578.677
21_06_11_710037_LED_set_pixels_cpp_8,0:00:03.035836,5.110,305.273,1582.639
21_06_48_101512_LED_set_pixels_cpp_8,0:00:03.071990,5.111,304.499,1577.111
21_07_24_534714_LED_set_pixels_cpp_8,0:00:03.074762,5.110,304.388,1577.757
21_08_00_967542_LED_set_pixels_cpp_8,0:00:03.062445,5.110,305.718,1573.679
21_08_37_408254_LED_set_pixels_cpp_8,0:00:03.049849,5.110,309.088,1575.751
21_09_13_843595_LED_set_pixels_cpp_8,0:00:03.043990,5.111,305.748,1567.023
21_09_50_297037_LED_set_pixels_cpp_8,0:00:03.017678,5.110,306.920,1563.628
